{
    "obj_000003":{
        "0":[
            0.6594844375497593,
            0.7512247084982012,
            0.0272344262188558,
            -0.14475955069065094,
            0.4481765985119984,
            -0.3638420996203253,
            -0.8165516903969328,
            -0.07703985273838043,
            -0.603504774774726,
            0.5507089647769192,
            -0.5766295369979251,
            1.1850051879882812,
            0.0,
            0.0,
            0.0,
            1.0
        ]
    },
    "obj_000004":{
        "0":[
            -0.9735887411277528,
            -0.22824802284437118,
            0.005272875582976511,
            -0.16646258533000946,
            -0.1129518091445193,
            0.4614664592881783,
            -0.8799378363060723,
            0.04922603443264961,
            0.19841081613727166,
            -0.8572931511563985,
            -0.4750595762849903,
            0.9766550660133362,
            0.0,
            0.0,
            0.0,
            1.0
        ]
    },
    "obj_000005":{
        "0":[
            0.9833588004988332,
            0.15147381495535234,
            0.10030529828661926,
            -0.2968582808971405,
            0.12159511241320625,
            -0.13853994537323855,
            -0.9828638319590357,
            -0.02670236863195896,
            -0.13498184366319688,
            0.9787044328697256,
            -0.1546529500605549,
            0.8926589488983154,
            0.0,
            0.0,
            0.0,
            1.0
        ]
    }
}