{
    "obj_000003":{
        "0":[
            -0.0076164664036662,
            0.9991412502514418,
            -0.04072777290139068,
            -0.10815227031707764,
            0.31271567791466454,
            -0.03630626326853559,
            -0.9491526537042644,
            0.05695416405797005,
            -0.9498162423468517,
            -0.019965402411702193,
            -0.3121706079704576,
            1.2060197591781616,
            0.0,
            0.0,
            0.0,
            1.0
        ]
    },
    "obj_000004":{
        "0":[
            0.9971051936409272,
            0.05256107849976529,
            0.05494147651119948,
            -1.8958226442337036,
            0.06933431719406628,
            -0.33195045909721443,
            -0.9407452605059361,
            0.458196759223938,
            -0.031208737134363167,
            0.9418313149030937,
            -0.33463381328608754,
            4.341599464416504,
            0.0,
            0.0,
            0.0,
            1.0
        ]
    },
    "obj_000005":{
        "0":[
            -0.996293180933687,
            -0.07301352768113462,
            -0.04548540865586774,
            0.04513854160904884,
            0.022929930307017947,
            0.2842227410374554,
            -0.9584840383508066,
            0.10024864226579666,
            0.08291028839143184,
            -0.9559740886931567,
            -0.2814949836606999,
            1.037145733833313,
            0.0,
            0.0,
            0.0,
            1.0
        ]
    }
}